Workbook

Sheet Matriz
B2: Nivel = Probabilidad × Impacto (se calcula solo). Escala: 1–4 Bajo · 5–9 Medio · 10–14 Alto · 15–25 Crítico. Edite solo P e I; el nivel, la clasificación y el mapa de calor se actualizan.
B4: ID | C4: Categoría | D4: Riesgo | E4: P | F4: I | G4: Nivel | H4: Clasificación | I4: Estrategia | J4: Mitigación (preventiva) | K4: Contingencia (si ocurre) | L4: Indicador de alerta | M4: Responsable | N4: Apoyo
B5: R-01 | C5: Operativo / Empresas | D5: app vacía y el dolor principal, no saber qué paso, sigue igual. | E5: 4 | F5: 4 | G5: =E5*F5 -> 16 | H5: =IF(G5>=15,"Crítico",IF(G5>=10,"Alto",IF(G5>=5,"Medio","Bajo"))) -> Crítico | I5: Mitigar | J5: • Listar ≥10 empresas objetivo con apoyo de Egresados/Prácticas • Carta de presentación de UNIPAZ • Formulario de publicación de vacante corto • Cargar vacantes iniciales validadas por UNIPAZ • Recordatorio a la empresa con postulaciones sin respuesta | K5: Demo con vacantes de ejemplo validadas por UNIPAZ; estado automático «recibida» mientras la empresa responde. | L5: Empresas y vacantes activas antes de validar (meta propuesta: 5 y 15); % de postulaciones con estado actualizado en 5 días. | M5: Andrés (PO) | N5: Juan José
B6: R-02 | C6: Normativo / Datos personales | D6: reclamos o sanción (Ley 1581 de 2012). | E6: 3 | F6: 5 | G6: =E6*F6 -> 15 | H6: =IF(G6>=15,"Crítico",IF(G6>=10,"Alto",IF(G6>=5,"Medio","Bajo"))) -> Crítico | I6: Mitigar | J6: • Aceptar la política antes del primer uso (guardar fecha y versión) • Pedir solo los datos necesarios • CV visible solo para la empresa a la que se postula • Política revisada por la asesoría jurídica de UNIPAZ • Consultar RNBD y qué implica alojar datos fuera de Colombia | K6: Suspender registros hasta corregir; atender reclamos con apoyo jurídico. | L6: 100 % de usuarios con aceptación registrada; reclamos de titulares recibidos. | M6: Andrés (PO) | N6: Cristian
B7: R-03 | C7: Normativo / SPE | D7: puede verse como gestión y colocación de empleo sin autorización, o UNIPAZ no la avala. | E7: 3 | F7: 5 | G7: =E7*F7 -> 15 | H7: =IF(G7>=15,"Crítico",IF(G7>=10,"Alto",IF(G7>=5,"Medio","Bajo"))) -> Crítico | I7: Evitar / Mitigar | J7: • Concepto escrito de UNIPAZ (jurídica y Egresados) y consulta a la Unidad del SPE • Mantener en el alcance «intermediación y trazabilidad, no contratación» • Estados de vacante y postulación compatibles con el SPE | K7: Modo «contacto directo»: la app muestra la vacante y enlaza a la empresa, sin recibir CV. | L7: Concepto escrito recibido antes del sprint de postulaciones. | M7: Andrés (PO) | N7: Juan José
B8: R-04 | C8: Seguridad / API y archivos | D8: exposición de CV. | E8: 3 | F8: 4 | G8: =E8*F8 -> 12 | H8: =IF(G8>=15,"Crítico",IF(G8>=10,"Alto",IF(G8>=5,"Medio","Bajo"))) -> Alto | I8: Mitigar | J8: • Validar el ID token de Google en el servidor • Autorización por rol y por propietario en cada endpoint • Validar entradas y limitar peticiones • Verificar tipo real y 5 MB del PDF en el servidor • Almacenamiento privado con URLs temporales • OWASP API Top 10 por sprint y npm audit • Pruebas de acceso entre usuarios | K8: Revocar sesiones, rotar secretos y desplegar parche; informar a UNIPAZ, a los titulares y a la SIC si aplica. | L8: Vulnerabilidades críticas abiertas = 0 al cerrar cada sprint; pruebas de acceso fallidas. | M8: Cristian (Backend) | N8: Juan José
B9: R-05 | C9: Seguridad / Repositorio público | D9: filtración. | E9: 3 | F9: 4 | G9: =E9*F9 -> 12 | H9: =IF(G9>=15,"Crítico",IF(G9>=10,"Alto",IF(G9>=5,"Medio","Bajo"))) -> Alto | I9: Mitigar | J9: • .env en .gitignore y variables en el host • Activar secret scanning de GitHub • Revisar el historial de commits • Anonimizar datos de validación (o pasar el repo a privado) | K9: Rotar credenciales de inmediato, eliminar lo expuesto y avisar a los afectados. | L9: Alertas de secret scanning = 0; datos personales en docs = 0. | M9: Juan José (Scrum Master) | N9: Cristian
B10: R-06 | C10: Técnico / Verificación de usuarios | D10: vacantes y datos para quien no corresponde. | E10: 4 | F10: 3 | G10: =E10*F10 -> 12 | H10: =IF(G10>=15,"Crítico",IF(G10>=10,"Alto",IF(G10>=5,"Medio","Bajo"))) -> Alto | I10: Mitigar | J10: • Restringir al dominio institucional (si UNIPAZ usa Google Workspace) • Si no, acordar con Sistemas una lista de validación • Definir cómo se distingue cada perfil | K10: Validación manual por el administrador; suspender cuentas no verificadas. | L10: Cuentas fuera del dominio institucional; cuentas marcadas por el administrador. | M10: Cristian (Backend) | N10: Andrés
B11: R-07 | C11: Calidad / Fraude | D11: empresas sin verificar publican, hay posibles cobros o engaños y se contradice la promesa de ofertas verificadas | E11: 3 | F11: 4 | G11: =E11*F11 -> 12 | H11: =IF(G11>=15,"Crítico",IF(G11>=10,"Alto",IF(G11>=5,"Medio","Bajo"))) -> Alto | I11: Mitigar | J11: • Subir HU-08 a Must (empresa «pendiente» hasta aprobar) • Verificar NIT y existencia legal (RUES) • Términos que prohíban cobrar al candidato • Botón para reportar vacantes | K11: Despublicar, suspender a la empresa y notificar por push a quienes se postularon. | L11: Empresas publicando sin aprobar = 0; reportes por vacante; tiempo de revisión. | M11: Andrés (PO) | N11: Cristian
B12: R-08 | C12: Técnico / Móvil y distribución | D12: fallan en la demo o en el Hito 3. | E12: 3 | F12: 4 | G12: =E12*F12 -> 12 | H12: =IF(G12>=15,"Crítico",IF(G12>=10,"Alto",IF(G12>=5,"Medio","Bajo"))) -> Alto | I12: Mitigar | J12: • Spike en el primer sprint técnico: login Google, DocumentPicker y push en un Android real • Decidir pronto entre Expo Go y build de desarrollo/EAS • Configurar FCM • Dejar lista la pantalla de consentimiento OAuth antes de validar | K12: APK de desarrollo firmado; alertas dentro de la app o por correo como alternativa a la push. | L12: HU-01, HU-05 y HU-06 probadas en dispositivo real al cerrar el sprint 2 (propuesta); builds fallidos. | M12: Darwin (Frontend) | N12: Cristian
B13: R-09 | C13: Funcional / Calidad de datos | D13: el filtro por disponibilidad falla y se repite el problema de ofertas vencidas. | E13: 3 | F13: 4 | G13: =E13*F13 -> 12 | H13: =IF(G13>=15,"Crítico",IF(G13>=10,"Alto",IF(G13>=5,"Medio","Bajo"))) -> Alto | I13: Mitigar | J13: • Franjas estructuradas (día y hora) en perfil y vacante • Fecha de cierre obligatoria y cierre automático • Casos de borde del filtro en los criterios Gherkin | K13: Filtro por franjas amplias (mañana/tarde/noche/fin de semana); cierre manual por el admin. | L13: Vacantes sin franja o sin fecha = 0; errores del filtro en pruebas. | M13: Cristian (Backend) | N13: Darwin
B14: R-10 | C14: Gestión / Alcance y tiempo | D14: Must sin terminar al cierre del semestre. | E14: 4 | F14: 3 | G14: =E14*F14 -> 12 | H14: =IF(G14>=15,"Crítico",IF(G14>=10,"Alto",IF(G14>=5,"Medio","Bajo"))) -> Alto | I14: Mitigar | J14: • Recalcular la regla del 60 % • Congelar alcance (lista Won't) • Recortar Should/Could primero • Revisar burndown cada semana • Aplicar la Definición de Terminado | K14: Pasar Should a trabajo futuro y entregar un flujo mínimo completo (login → vacante → postulación → estado). | L14: Puntos completados vs. planeados (alerta: <70 % en dos sprints seguidos); Must abiertos a 4 semanas del cierre. | M14: Juan José (Scrum Master) | N14: Andrés
B15: R-11 | C15: Operativo / Estudiantes | D15: pocos participantes en la validación y estudiantes con iPhone excluidos. | E15: 3 | F15: 3 | G15: =E15*F15 -> 9 | H15: =IF(G15>=15,"Crítico",IF(G15>=10,"Alto",IF(G15>=5,"Medio","Bajo"))) -> Medio | I15: Mitigar | J15: • Convocatoria con Bienestar y redes de UNIPAZ • Guía o QR de instalación • Sesiones presenciales de instalación • Confirmar participantes con anticipación | K15: Segunda convocatoria; prestar dispositivos Android para la prueba. | L15: Instalaciones / participantes previstos; abandono antes del primer registro. | M15: Juan José (Scrum Master) | N15: Andrés
B16: R-12 | C16: Usabilidad / Rendimiento | D16: abandono y objetivo del producto sin cumplir. | E16: 3 | F16: 3 | G16: =E16*F16 -> 9 | H16: =IF(G16>=15,"Crítico",IF(G16>=10,"Alto",IF(G16>=5,"Medio","Bajo"))) -> Medio | I16: Mitigar | J16: • Prototipos validados con estudiantes (docs/validacion) • Heurísticas de Nielsen e ISO 9241-11 • Paginación, estados de carga y mensajes sin conexión • Probar en ≥2 equipos de gama baja | K16: Sprint de rediseño de las pantallas con peor resultado. | L16: Postulación <2 min en ≥80 % de pruebas; SUS ≥68 (metas propuestas). | M16: Darwin (Frontend) | N16: Juan José

Sheet Mapa de calor
B2: P ↓ / I → | C2: 1 | D2: 2 | E2: 3 | F2: 4 | G2: 5
B3: 5 | C3: {=_xlfn.TEXTJOIN(", ",TRUE(),IF((Matriz!$E$5:$E$16=$B3)*(Matriz!$F$5:$F$16=C$2),Matriz!$B$5:$B$16,""))} | D3: {=_xlfn.TEXTJOIN(", ",TRUE(),IF((Matriz!$E$5:$E$16=$B3)*(Matriz!$F$5:$F$16=D$2),Matriz!$B$5:$B$16,""))} | E3: {=_xlfn.TEXTJOIN(", ",TRUE(),IF((Matriz!$E$5:$E$16=$B3)*(Matriz!$F$5:$F$16=E$2),Matriz!$B$5:$B$16,""))} | F3: {=_xlfn.TEXTJOIN(", ",TRUE(),IF((Matriz!$E$5:$E$16=$B3)*(Matriz!$F$5:$F$16=F$2),Matriz!$B$5:$B$16,""))} | G3: {=_xlfn.TEXTJOIN(", ",TRUE(),IF((Matriz!$E$5:$E$16=$B3)*(Matriz!$F$5:$F$16=G$2),Matriz!$B$5:$B$16,""))}
B4: 4 | C4: {=_xlfn.TEXTJOIN(", ",TRUE(),IF((Matriz!$E$5:$E$16=$B4)*(Matriz!$F$5:$F$16=C$2),Matriz!$B$5:$B$16,""))} | D4: {=_xlfn.TEXTJOIN(", ",TRUE(),IF((Matriz!$E$5:$E$16=$B4)*(Matriz!$F$5:$F$16=D$2),Matriz!$B$5:$B$16,""))} | E4: R-06, R-10 | F4: R-01 | G4: {=_xlfn.TEXTJOIN(", ",TRUE(),IF((Matriz!$E$5:$E$16=$B4)*(Matriz!$F$5:$F$16=G$2),Matriz!$B$5:$B$16,""))}
B5: 3 | C5: {=_xlfn.TEXTJOIN(", ",TRUE(),IF((Matriz!$E$5:$E$16=$B5)*(Matriz!$F$5:$F$16=C$2),Matriz!$B$5:$B$16,""))} | D5: {=_xlfn.TEXTJOIN(", ",TRUE(),IF((Matriz!$E$5:$E$16=$B5)*(Matriz!$F$5:$F$16=D$2),Matriz!$B$5:$B$16,""))} | E5: R-11, R-12 | F5: R-04, R-05, R-07,R-08, R-09 | G5: R-02, R-03
B6: 2 | C6: {=_xlfn.TEXTJOIN(", ",TRUE(),IF((Matriz!$E$5:$E$16=$B6)*(Matriz!$F$5:$F$16=C$2),Matriz!$B$5:$B$16,""))} | D6: {=_xlfn.TEXTJOIN(", ",TRUE(),IF((Matriz!$E$5:$E$16=$B6)*(Matriz!$F$5:$F$16=D$2),Matriz!$B$5:$B$16,""))} | E6: {=_xlfn.TEXTJOIN(", ",TRUE(),IF((Matriz!$E$5:$E$16=$B6)*(Matriz!$F$5:$F$16=E$2),Matriz!$B$5:$B$16,""))} | F6: {=_xlfn.TEXTJOIN(", ",TRUE(),IF((Matriz!$E$5:$E$16=$B6)*(Matriz!$F$5:$F$16=F$2),Matriz!$B$5:$B$16,""))} | G6: {=_xlfn.TEXTJOIN(", ",TRUE(),IF((Matriz!$E$5:$E$16=$B6)*(Matriz!$F$5:$F$16=G$2),Matriz!$B$5:$B$16,""))}
B7: 1 | C7: {=_xlfn.TEXTJOIN(", ",TRUE(),IF((Matriz!$E$5:$E$16=$B7)*(Matriz!$F$5:$F$16=C$2),Matriz!$B$5:$B$16,""))} | D7: {=_xlfn.TEXTJOIN(", ",TRUE(),IF((Matriz!$E$5:$E$16=$B7)*(Matriz!$F$5:$F$16=D$2),Matriz!$B$5:$B$16,""))} | E7: {=_xlfn.TEXTJOIN(", ",TRUE(),IF((Matriz!$E$5:$E$16=$B7)*(Matriz!$F$5:$F$16=E$2),Matriz!$B$5:$B$16,""))} | F7: {=_xlfn.TEXTJOIN(", ",TRUE(),IF((Matriz!$E$5:$E$16=$B7)*(Matriz!$F$5:$F$16=F$2),Matriz!$B$5:$B$16,""))} | G7: {=_xlfn.TEXTJOIN(", ",TRUE(),IF((Matriz!$E$5:$E$16=$B7)*(Matriz!$F$5:$F$16=G$2),Matriz!$B$5:$B$16,""))}
B9: Leyenda de colores (por posición en la matriz): verde 1–4 Bajo · amarillo 5–9 Medio · naranja 10–14 Alto · rojo 15–25 Crítico.
J16: =_xlfn.CONCAT(I16,I17,I19,I20,I21)
